종목,2018.01,2018.02,2018.03,2018.04,2018.05,2018.06,2018.07,2018.08,2018.09,2018.1,2018.11,2018.12,2019.01,2019.02,2019.03,2019.04,2019.05,2019.06,2019.07,2019.08,2019.09,2019.1,2019.11,2019.12,2020.01,2020.02,2020.03,2020.04,2020.05,2020.06,2020.07,2020.08,2020.09,2020.1,2020.11,2020.12,2021.01,2021.02,2021.03,2021.04,2021.05,2021.06,2021.07,2021.08,2021.09,2021.1,2021.11,2021.12,2022.01,2022.02,2022.03,2022.04,2022.05,2022.06,2022.07,2022.08,2022.09,2022.1,2022.11,2022.12
소비자물가지수(단일),98.106,98.855,98.751,98.931,98.979,98.779,98.59,99.462,100.221,100.041,99.33,98.988,98.884,99.311,99.121,99.481,99.652,99.491,99.187,99.425,99.794,100.041,99.481,99.719,100.09,100.16,99.94,99.5,99.44,99.71,99.63,100.19,100.74,100.18,100.09,100.33,101.04,101.58,101.84,101.98,102.05,102.05,102.26,102.75,103.17,103.35,103.87,104.04,104.69,105.3,106.06,106.85,107.56,108.22,108.74,108.62,108.93,109.21,109.1,109.28
총지수 (신선식품지수),98.106,98.855,98.751,98.931,98.979,98.779,98.59,99.462,100.221,100.041,99.33,98.988,98.884,99.311,99.121,99.481,99.652,99.491,99.187,99.425,99.794,100.041,99.481,99.719,100.09,100.16,99.94,99.5,99.44,99.71,99.63,100.19,100.74,100.18,100.09,100.33,101.04,101.58,101.84,101.98,102.05,102.05,102.26,102.75,103.17,103.35,103.87,104.04,104.69,105.3,106.06,106.85,107.56,108.22,108.74,108.62,108.93,109.21,109.1,109.28
신선식품 (신선식품지수),92.961,101.268,95.89,96.269,92.838,87.69,86.915,102.745,112.322,103.1,94.232,94.24,94.034,95.964,93.027,93.679,90.899,87.715,85.512,88.424,95.18,95.106,89.274,92.128,96.5,95.57,97.07,95.14,94.34,93.42,96.19,105.17,114.44,112.47,99.95,99.74,105.37,112.55,111.82,108.57,104.84,100.93,100.58,104.26,109.16,103.75,105.5,106.41,111.65,111.57,109.35,109.62,107.46,106.36,113.7,119.8,123.12,115.6,106.36,107.62
신선어개 (신선식품지수),92.806,93.193,93.773,94.454,95.018,95.018,94.454,92.848,92.007,93.302,94.059,94.16,92.688,92.461,91.839,92.31,92.831,93.252,93.42,91.023,92.419,93.823,94.774,97.171,99.11,100.44,99.76,100.65,100.65,100.28,99.08,97.82,98.48,99.91,101.56,102.26,102.62,102.71,102.47,102.15,102.3,101.82,100.11,99.95,100.6,100.34,102.23,103.2,103.36,103.18,102.99,104.36,104.85,104.54,103.39,102.73,104.7,106.95,109.2,110.86
신선채소 (신선식품지수),88.511,104.029,94.878,92.009,87.749,79.88,83.045,107.551,123.374,101.495,90.649,85.502,86.761,88.254,82.625,81.023,79.041,77.859,77.695,88.285,96.915,99.878,91.597,91.216,100.62,97.26,97.03,90.06,87.67,85.99,90.29,112.34,127.95,119.11,98.91,92.77,105.43,119.53,116.57,108.47,98.39,91.34,90.14,99.12,113.58,99.06,107,101.98,107.69,109.49,104.28,102.49,98.5,96.84,113.57,126.88,138.77,120.56,104.01,99.41
신선과실 (신선식품지수),98.01,103.661,98.444,102.196,97.005,91.38,86.12,104.103,113.775,111.478,98.305,103.99,103.002,106.885,105.342,108.618,102.751,94.916,88.841,86.83,95.133,90.687,83,89.742,89.96,90.16,95.18,96.97,97.39,96.93,100.83,102.28,110.55,113.94,99.98,105.83,107.26,111.66,113.12,113.28,113.99,111.18,112.75,113.19,110.26,111.53,106.15,113.74,122.08,119.93,119.65,121.49,119.51,118.46,121.22,124,118.55,116.18,106.99,114.61
신선식품제외 (신선식품지수),98.332,98.752,98.876,99.057,99.258,99.267,99.124,99.315,99.687,99.897,99.573,99.21,99.105,99.458,99.382,99.745,100.05,100.021,99.802,99.916,100.002,100.26,99.945,100.06,100.25,100.36,100.07,99.7,99.66,99.99,99.79,99.97,100.14,99.64,100.09,100.35,100.85,101.1,101.4,101.69,101.93,102.1,102.33,102.68,102.9,103.34,103.79,103.94,104.38,105.03,105.92,106.72,107.56,108.3,108.52,108.12,108.31,108.93,109.22,109.35
총지수 (수입물가지수),103.37,103.84,104.39,105.53,108.64,110.01,111.5,111.18,113.03,115.02,109.36,105.31,105.14,107.47,109.28,111.21,113.57,109.36,110.23,111.01,110.73,108.14,107.11,108.83,107.94,106.39,100.7,95.01,98.82,101.26,100.42,99.34,98.23,96.06,96.05,98.02,101.64,106.12,109.81,109.56,112.81,115.88,120.05,121.61,124.4,130.92,129.63,127.04,132.67,138.73,149.23,148.38,154,154.87,150.78,149.46,154.51,156.3,147.72,138.11
과일 (수입물가지수),103.8,106.18,102.79,112.5,108.63,107.66,103.23,105.09,103.88,103.49,104.77,102.55,99.21,99.2,103.06,106.32,118.46,113.14,107.96,114.12,111.46,103.59,105.55,103.3,101.22,100.69,103.53,106.78,114.33,113.4,105.8,104.86,107.48,99.79,98.37,100.92,105.66,101.36,105.01,105.55,109.82,106.19,108.53,111.1,113.19,112.57,117.48,114.98,111.15,112.97,116.64,120.32,131.5,136.68,139.06,137.42,141.8,144.04,135.27,129.49
냉동채소 (수입물가지수),91.05,92.15,87.21,83.7,84.95,86.25,88.65,87.94,89.38,90.98,90.8,90.34,90.27,90.3,90.97,100.25,103.97,103.29,115.03,118.14,116.57,116.39,114.75,115.57,116.18,119.13,121.75,112.47,112.83,112.76,115.3,114.14,113.89,109.46,106.79,104.72,107.16,108.54,110.44,109.91,110.3,110.1,114.32,139.84,140.95,148.11,149.67,150.59,151.9,192.92,164.56,162.14,165.51,166.66,175.33,177.97,183.86,188.43,189.19,181.45
쇠고기 (수입물가지수),83.63,86.65,83.8,83.27,86.05,87.42,90.8,91.37,92.77,94.66,96.62,95.85,95.77,97,98.36,100.8,104.61,105.3,102.98,106.58,103.54,104.11,111.61,104.61,100.75,103.58,106.32,104.33,106.06,97.55,94.45,93.59,95.27,93.57,96.73,93.06,95.45,101.68,100.69,105.07,108.08,107.83,111.3,114.56,115.94,118.72,120.6,121.29,132.1,127.11,132.04,135.32,139.79,140.61,144.53,141.55,145.09,144.31,130.5,121.17
돼지고기 (수입물가지수),116.31,118.08,116.9,116.59,117.31,117.17,113.56,112.96,116.91,118.15,114.93,112.84,111.46,111.64,127,134.09,140.25,136.47,130.88,131.92,142,145.32,143.42,141.7,137.11,133.61,141.06,136.29,134.47,135.79,130.82,129.09,138.94,144.42,134.32,130.85,134.12,139.83,151.12,157.14,157.12,154.43,153.29,154.97,154.01,156.73,152.05,148.07,147.08,148.68,153.33,158.82,162,161.57,158.01,158.15,157.49,155.87,145.89,138.21
닭고기 (수입물가지수),99.54,104.89,106.42,106.5,109.38,121.97,133.25,126.65,108.78,109.17,105.54,99.5,109.33,113.41,118.95,127.64,135.84,134.95,130.65,122.33,105.93,105.95,107.67,109.55,115.01,115.53,103.1,102.82,100.96,97.29,90.38,78.15,75.98,80.92,80.19,78.63,81.87,87.14,97.86,105.06,102.75,98.59,100.58,109.57,129.14,143.52,138.71,132.68,125.46,130.69,158.83,169.11,180.88,182.25,187.3,180.84,180.29,164.3,152.52,126.25
신선수산물 (수입물가지수),100.79,102.4,105.41,106.63,100.47,93.73,83.42,82.82,76.14,79.12,87.14,92.16,91.46,87.69,92.29,86.64,86.53,90.41,89.19,98.8,96.57,89.13,88.5,92.24,94.67,87.12,90.61,87.55,92.97,103.36,99.6,93.67,86.27,88.28,88.05,87.47,87.37,86.76,85.51,85.43,88.59,85.43,89.31,89.67,98.5,88.31,90.1,92.88,94.57,89.98,94.58,93.3,95.24,91.63,95.45,96.52,112.25,104.59,105.72,106.77
냉동수산물 (수입물가지수),94.82,97.18,96.49,96.83,99.97,104.88,106.38,106.75,101.94,104.16,102.15,100.77,98.61,98.65,100.52,101.44,104.54,103.86,103.83,113.13,119.74,118.4,117.88,118.74,117.58,120.56,123.94,123.26,125.06,119.68,118.59,116.03,115.24,104.72,95.34,93.5,95.55,96.78,98.46,97.46,99.17,99,98.4,99.81,100.55,99.4,101.53,100.66,101.54,102.9,107.83,117.74,121.92,122.64,119.58,119.18,126.55,122.33,115.34,109.6
총지수 (품목별소비자물가),98.106,98.855,98.751,98.931,98.979,98.779,98.59,99.462,100.221,100.041,99.33,98.988,98.884,99.311,99.121,99.481,99.652,99.491,99.187,99.425,99.794,100.041,99.481,99.719,100.09,100.16,99.94,99.5,99.44,99.71,99.63,100.19,100.74,100.18,100.09,100.33,101.04,101.58,101.84,101.98,102.05,102.05,102.26,102.75,103.17,103.35,103.87,104.04,104.69,105.3,106.06,106.85,107.56,108.22,108.74,108.62,108.93,109.21,109.1,109.28
배추 (품목별소비자물가),60.266,83.293,83.786,83.593,67.793,54.508,76.175,130.196,129.345,79.824,59.15,52.003,49.833,47.878,44.88,44.211,45.237,54.542,68.682,75.347,107.702,132.474,92.649,83.616,88.32,86.45,88.16,84.61,90.99,86.28,92.97,128.16,180.29,151.16,66.4,56.22,56.05,71.74,87.9,92.16,78.3,69.02,70.59,89.57,108.11,84.16,87.14,87.47,87.82,88.07,89.52,99.28,97.11,93.53,121.93,159.4,210.79,145.04,78.42,62.31
상추 (품목별소비자물가),89.102,92.305,74.956,76.172,73.384,73.609,92.261,129.04,188.294,107.156,81.152,74.782,77.766,76.915,73.253,72.823,74.439,68.834,80.679,129.31,118.47,140.274,100.946,89.313,115.4,90.46,81.31,73.41,71.78,81.18,111.3,176.77,142.79,98.16,76.99,80.43,105.92,104.31,87.33,85.83,86.22,97.18,111.2,144.59,201.08,125.01,134.21,93.22,107.84,101.21,86.35,91.21,85.71,87.19,181.39,179.79,172.65,103.27,88.2,89.76
오이 (품목별소비자물가),113.848,130.452,102.05,88.483,78.881,75.259,77.506,98.805,109.337,84.625,75.578,93.715,106.453,115.794,105.958,84.483,75.133,69.029,76.475,103.61,89.07,106.05,113.647,120.984,133.97,135.87,118.65,82.87,67.44,69.99,85.33,108.39,135.55,91.98,72.97,97.01,126.06,151.4,122.75,101.93,81.66,90.04,86.1,93.01,119.68,95.67,145.74,143,141.07,149.86,127.01,116.55,87.01,85.9,148.97,157.4,139.27,124.6,94.26,120.39
호박 (품목별소비자물가),106.958,138.009,116.63,85.967,77.202,70.743,61.653,80.269,127.576,71.302,96.136,93.101,100.359,100.336,81.619,64.424,56.7,65.403,60.473,98.372,96.509,87.892,71.403,75.347,120.9,124.74,129.4,76.37,64.03,70.49,74.73,153.39,141.66,88.19,69.1,87.01,127.29,144.36,120.32,87.82,70.95,91.14,68.88,76.21,135.71,84.44,125.27,112.7,138.06,131.18,112.78,95.83,71.25,79.13,119.17,139.6,150.09,101.54,81.5,88.89
양파 (품목별소비자물가),99.88,99.958,95.79,83.983,81.225,78.327,73.907,69.696,71.592,73.872,72.175,69.87,69.234,67.66,66.72,80.032,87.22,76.265,63.144,58.637,61.56,62.596,63.405,68.504,79.78,85.65,113.13,111.43,102.25,95.4,88.5,91.3,100.51,107.03,111.13,113.89,126.5,143.66,154.04,129.01,91.94,82.15,82.41,82.47,87.8,87.06,87.59,88.07,86.45,83.54,77.04,78.58,78.15,88.41,97.9,101.09,105.93,109.17,111.7,115.1
사과 (품목별소비자물가),89.718,97.501,95.849,96.419,88.443,83.055,74.412,89.167,114.795,105.129,98.418,96.815,99.306,103.169,100.243,101.72,96.071,88.008,79.289,76.392,105.091,88.568,88.82,87.342,79.19,81.93,81.24,83.91,90.73,97.24,104.89,108.33,121.66,123.98,112.17,114.72,119.16,128.55,129.47,130.34,130.27,130.45,128.79,118.35,108.49,99.11,101.04,97.43,99.99,102.88,102.08,99.87,100.67,105.48,112.07,117.77,105.89,95.2,92.91,93.49
배 (품목별소비자물가),76.701,82.17,78.597,76.831,70.394,66.195,59.261,70.98,93.742,95.239,90.796,94.775,101.937,117.041,115.983,115.438,109.017,99.902,90.007,86.702,110.832,94.743,90.218,92.122,90.29,89.57,90.55,92.07,92.93,94.19,96.12,97.51,104.21,114.96,117.01,120.58,124.59,136.41,137.81,139.51,141.56,145.04,149.98,153.82,132.76,123.75,113.13,113.74,115.86,119.2,120.04,117.85,119.97,124.98,128.98,124.17,118.03,104.94,96.69,94.51
돼지고기 (품목별소비자물가),90.255,90.347,89.151,90.94,91.661,96.36,103.733,100.484,101.214,97.537,88.549,87.536,84.205,83.777,83.512,91.341,92.938,92.838,92.537,92.016,97.437,96.971,86.204,89.954,84.68,82.11,90.99,92.84,105.15,109.27,106.94,107.9,105.79,107.65,101.93,104.73,102.23,98.42,96.63,102.73,110.7,113.95,115.2,118,121.65,118.57,115.04,120.17,113.38,110.65,105.75,108.38,133.63,135.15,126.6,122.47,126.62,122.45,118.05,117.99
닭고기 (품목별소비자물가),99.47,100.238,101.659,102.499,100.694,99.034,101.701,109.046,107.261,105.269,103.755,103.661,112.978,113.258,107.873,107.22,104.782,102.25,99.107,100.518,100.725,103.153,100.061,99.076,99.18,101.08,102.26,99.55,100.09,100.2,99.9,99.42,101.42,98.49,98.47,99.94,106.2,108.67,107.93,106.88,105.51,102.94,106.6,110.02,107.84,110.47,111.73,107.24,113.72,113.96,119.41,124.6,122.47,123.6,126.84,127.52,121.86,120.17,123.18,133.16
달걀 (품목별소비자물가),102.34,99.017,92.837,85.763,86.968,82.984,83.431,90.301,97.414,96.413,92.633,91.739,89.64,86.929,83.489,90.553,92.021,90.398,91.865,89.825,93.031,98.142,99.503,99.415,99.41,97.37,100.57,101.87,100.08,98.62,97.44,97.54,101.42,103.39,101.31,100.99,114.97,139.08,141.28,140.16,147.12,153.72,154.35,151.67,146.05,138.13,134.44,134.47,133.26,130.07,130.9,135.2,137.79,138.19,137.73,136.47,136.8,135.82,136.78,138.02
갈치 (품목별소비자물가),97.193,101.826,101.244,101.174,101.365,97.845,95.899,91.055,88.698,89.139,91.637,89.621,90.824,93.161,93.021,94.013,94.966,97.423,96.761,91.857,92.77,92.579,91.727,92.158,100.51,104.49,102.65,105.65,104.05,100.94,99.13,95.47,96.04,97.22,97.07,96.76,100.69,103.36,105.27,106.65,107.48,103.95,100.28,99.18,101.1,96.45,95.44,95.65,97.04,99.34,100.01,101.65,102.16,102.03,101.48,97.81,98.15,100.71,101.48,101.5
명태 (품목별소비자물가),88.776,86.294,88.518,89.124,88.635,88.153,89.083,88.477,86.269,87.074,89.058,89.855,88.037,86.983,88.967,87.929,87.912,84.866,85.953,88.112,90.768,95.849,97.368,100.365,100.34,100.38,100.44,99.56,99.6,100.12,100.34,100.13,100.54,100.66,99.7,98.18,98.39,98.08,98.3,97.74,97.45,96.35,95.89,95.54,95.85,94.84,95.1,95.19,95.73,95.53,98.2,101.92,104.75,104.82,105,105.68,106.98,105.98,105.97,106.11
조기 (품목별소비자물가),100.417,101.205,102.308,102.171,102.791,103.579,103.894,103.663,102.497,102.192,101.426,100.964,100.512,100.176,99.976,100.05,99.378,99.84,100.438,100.838,100.481,100.459,99.693,99.861,99.49,100.48,100.55,100.6,100.47,100.74,101.09,100.58,98.81,99.12,99.08,98.99,98.39,97.68,99.29,99.64,99.27,99.15,99.12,99.55,99.18,100.93,99.07,98.7,98.9,99.57,98.66,100.41,100.11,101.2,100.53,99.82,101.64,102.13,101.69,103.45
고등어 (품목별소비자물가),91.838,92.919,93.85,95.514,97.921,98.993,94.743,89.468,87.634,87.042,84.823,84.973,84.738,85.998,85.66,87.907,89.553,91.659,93.859,85.989,88.311,88.716,89.177,92.458,95.32,98.67,99.42,102.86,103.45,104.46,101.5,98.24,98.23,99.12,99.02,99.7,102.23,103.03,104.76,105.14,106.5,108.91,106.56,104.81,104.75,103.55,104.09,105.26,104.64,105.77,106.98,108.92,110.85,111.17,109.31,107.18,108.04,110.17,112.75,114.87
총지수 (생산자물가지수),102.52,102.95,102.91,103.04,103.34,103.37,103.85,104.32,104.62,104.26,103.53,103.03,102.92,103.02,103.38,103.68,103.79,103.5,103.5,103.74,103.8,103.56,103.41,103.7,104.08,103.74,102.82,101.93,101.96,102.48,102.71,103.22,103.42,103.01,103.09,103.9,105.05,105.91,107.04,108.06,108.65,109.22,110.28,110.86,111.27,112.43,113.23,113.21,114.4,114.95,116.7,118.59,119.43,120.1,120.44,119.98,120.06,120.68,120.29,119.79
배추 (생산자물가지수),127.75,166.11,165.05,151.57,119.08,97.27,185.01,353.32,265.57,133.32,126.11,93.62,77.03,63.15,56.73,57.17,69.68,108.86,132.66,163.34,274.8,266.92,167.85,170.29,193.45,180.49,171.96,192.29,256.32,173.08,209.85,379.61,495.31,208.13,111.69,86.12,100.92,154.04,188.84,193.05,147.49,108.64,131.92,194.18,246.38,128.34,196.97,169.91,165.37,170.18,194.07,216.6,237.59,191.57,281.64,372.02,657.6,252.06,138.34,110.7
상추 (생산자물가지수),118.13,91.33,62.05,68.34,71.56,53.69,115.41,189.34,333.3,98.21,51.96,66.05,66.06,53.54,55.15,61.64,71.04,65.31,97.04,186.99,188.74,205.15,95.57,95.48,138.04,54.44,56.14,50.83,65.9,98.37,163.6,281.9,165.43,58.02,52.87,90.86,142.68,88.42,68.36,78.39,90.18,115.41,174.43,222.73,299.24,232.18,91.63,87.62,126.77,79.72,77.45,90.34,80.79,133.85,330.06,298.4,169.75,94.79,59.05,128.35
오이 (생산자물가지수),129.49,115.58,106.14,72.55,72.03,56.2,85.37,123.4,124.02,81.72,81.79,114.13,128.19,122.4,105.48,65.65,56.2,53.23,85.2,125.75,97.59,97.25,121.73,128.29,182.24,153.38,108.24,66.71,56.95,67.26,92.01,165.74,180.3,61.59,75.25,120.12,153.03,149.9,119.81,75.89,81.45,71.28,90.21,125.12,121.18,144.12,169.33,165.93,183.3,146.08,144.49,88.49,67.95,87,174.41,181.06,147.16,108.19,93.82,164.17
호박 (생산자물가지수),140.56,154.64,148.04,87.99,92.34,55.41,51.87,102.75,145.55,82.46,111.28,103.86,106.77,93.24,77.8,52.69,54.35,62.14,59.83,110.81,108.6,91.96,65.32,97.55,157.53,151.74,122.22,62.78,67.86,66.03,88.26,240.6,170.21,61.63,69.13,107.01,175.13,163.52,143.03,82.15,103.39,84.36,56.27,105.64,149.71,149.11,134.53,148.26,167.37,129.3,129.82,84.51,68.9,103.74,147.87,210.9,152.01,108.84,77.14,134.07
양파 (생산자물가지수),109.45,104.46,76.34,67.63,68.79,59.22,57.07,64.51,66.2,58.07,57.73,53.52,47.99,48.38,56.04,77.25,54.78,39.85,34.61,44.24,46.69,43.63,52.88,68.84,88.82,105.52,110.56,109.35,95.44,71.37,79.99,103.21,118.06,121.67,130.75,137.9,178.53,199.38,192.95,104.16,62.18,66.48,73.71,90.85,94.86,89.75,96.42,87.91,71.02,58.54,55.24,59.4,74.15,136.45,144.67,148.76,146.77,149.89,149.63,148.58
사과 (생산자물가지수),59.04,65.29,65.01,64.03,61.97,62.55,61.41,61.64,64.44,58.43,61.16,66.83,72.68,60.84,63.49,62.61,63.19,66.8,62.71,51.43,52.94,50.39,51.08,56.52,56.66,56.11,57.55,60.35,86.2,94.41,104.77,128.4,128.4,83.97,80.17,97.25,100.01,107.35,103.75,107.65,109.53,108.07,97.48,74.31,74.31,65.26,57.26,72.35,90.63,75.97,61.96,68.09,62.82,79.63,91.67,92.13,92.13,64.92,60.05,62.06
배 (생산자물가지수),91.32,99.17,95.08,93.92,91.26,92.58,89.71,87.29,121.59,101.24,113.06,123.64,134.87,129.59,133.77,132.6,136.59,151.45,174.88,196.56,99.38,88.87,101.04,108.1,105.99,109.14,115.67,119.5,136.72,139.96,138.84,137.55,169.17,158.83,168.73,185.95,195.01,200.55,204.68,209.01,222.97,231.79,260.76,267.27,120.07,103.89,114.55,129.44,144,133.21,131.25,138.82,149.24,177.62,190.69,176.92,115.06,95.14,98.24,99.69
쇠고기 (생산자물가지수),105.02,108.76,107.27,108.11,107.69,108.23,104.7,109.64,110.84,108.54,106.58,104.83,108.66,108.59,106.16,104.92,105.4,107.12,106.42,108.21,108.81,110.81,110.32,111.12,114.5,112.04,110.64,117.6,123.28,115.98,120.84,122.44,123.85,123.42,118.19,115.22,125.39,119.36,119.85,122.77,120.16,126.24,122.41,128.12,136.31,126.6,123.69,122.94,121.13,111.96,115.77,113.2,113.45,115.55,110.26,116.92,118.03,107.92,104.17,95.55
돼지고기 (생산자물가지수),82.61,84.52,84.31,91.87,98.57,109.42,110.55,105.55,111.08,85.93,79.15,77.18,73.02,70.46,82.16,93.23,93.46,93.37,91.49,93.09,104.18,70.33,80.01,74.19,67.83,69.72,81.14,89.2,104.71,103.42,106.66,97.93,105.66,93.58,96.74,90.16,83.27,81.14,90.77,104.37,110.13,117.97,116.69,120.09,124.95,106.38,120.77,114.49,103.57,94.79,95.14,121.93,148.5,140.62,133.03,143.32,137.3,122.7,115.85,118.28
닭고기 (생산자물가지수),76.96,90.42,99.28,96.73,95.71,84.68,96.8,111.71,98.81,101.82,92.79,112.29,116.46,106.47,108.49,105.24,101.52,99.87,100.4,99.9,99.34,107.34,101.36,104.9,104.33,102.38,101.41,99,97.58,100.17,103.55,104.14,106.44,96.08,99.72,108.58,128.55,136.47,126.6,125.65,124.52,119.99,142.09,138.87,128.31,144.76,127.92,135.66,148.21,152.96,163.78,161.83,157.89,161.88,169.62,158.75,148.02,154.86,164,174.74
달걀 (생산자물가지수),81.68,74.98,59.72,65.95,67.66,51,62.61,84.95,100.14,86.04,73.66,70.31,61.75,55.02,57.42,80.08,70.26,70.03,74.05,72.66,85.58,92,89.99,91.54,90.07,78.16,89.61,87.91,82.72,77.61,78.61,80.56,91,91.47,88.06,91.07,122.02,149.49,145.62,145.47,152.51,157.46,156.76,147.32,137.34,119.3,117.23,117.53,116.85,112.28,121.8,130.07,136.35,134.95,131.39,128.06,124.66,123.03,128.53,130.78
조기 (생산자물가지수),84,84,84,84,84,84,50.99,26.79,37.8,45.42,48.99,67.69,64.29,64.29,64.29,64.29,64.29,64.29,64.29,79.64,85.49,67.62,67.15,74.72,87.23,120.72,120.72,120.72,129.24,129.24,129.24,106.6,100.77,72.34,98.19,108.49,144.9,86.92,111.64,111.64,111.64,111.64,111.64,103.01,101.05,63.03,65.1,72.54,128.94,134.03,67.16,53.3,31.28,31.28,31.28,118.34,135.99,129.11,105.65,100.04
갈치 (생산자물가지수),121.84,125.05,124.13,124.13,123.04,119.4,117.54,112.15,109.2,106.24,105.46,107.55,109.81,114.52,115.36,118.85,119.75,119.75,117.94,111.69,111.49,106.83,103.16,104.92,107.5,107.11,108.2,114.15,107.91,97.83,76.78,78.76,82.53,90.39,93.76,99.24,98.97,99.37,100.44,98.41,98.44,97.43,88.24,86.94,88.96,86.45,78.52,77.77,74.33,78.1,76.89,85.19,84.28,94.24,94.65,65.12,67.34,58.42,56.17,60.54
고등어 (생산자물가지수),103.91,103.8,102.86,103.32,103.32,103.32,103.32,82.85,80.56,78,81.03,81.14,78.98,80.34,82.02,87.85,89.68,92.36,93.34,83.03,83.4,83.67,88.88,94.45,111.98,123.61,125.22,129.41,129.41,129.41,113.11,110.57,109.5,112.2,115.64,115.38,123.15,133.78,135.69,130.98,125.03,125.56,118.7,122.76,130.25,114.43,120.8,129.33,126.73,126.39,130.51,133.86,132.98,125.76,123.29,120.33,131.33,132.6,151.03,141.72
기타어류 (생산자물가지수),103.23,111.54,106.05,99.42,125.98,118.83,104.56,107.38,86.87,80.8,89.53,94.48,102.56,102.57,114.21,98.22,98.1,121.9,111.47,108.52,116.55,96.62,97.7,109.55,109.32,99.56,111.04,105.04,115.1,123.32,129.13,109.45,113.46,112.42,96.43,92.72,102.34,100.37,110.27,99.71,112.32,112.34,108.68,107.88,102.82,101.34,112.05,103.52,105.38,112.11,103.13,98.3,107.51,131.1,125.04,127.16,119.65,117.93,122.21,134.53
물오징어 (생산자물가지수),207.3,209.51,212.67,212.67,218.24,228.68,235.42,232.82,240.58,233.47,240.16,239.66,234.96,231.75,238.75,230.19,230.19,234.82,236.69,234.05,230.89,245.32,277.12,295.33,295.33,295.33,295.33,295.33,295.33,206.38,201.65,204.87,246.93,237.47,259.95,263.2,248.49,257.36,262.49,259.78,248.57,244.43,227.46,187.77,195.16,181.06,217.98,259.88,257,250.86,284.36,300.01,304.4,304.97,248.91,215.6,202.06,232.23,275.32,276.93
Food Price Index,96.8,97.9,99,98.6,98.7,97,95.1,96,94.2,93.3,92.2,92.2,93.3,94,93.2,93.6,94.3,95.4,95.1,94.1,93.4,95.2,98.6,101,102.5,99.4,95.2,92.5,91.1,93.3,94,95.9,98,101.4,105.6,108.6,113.5,116.6,119.2,122.1,128.1,125.3,124.6,128,129.2,133.2,135.3,133.7,135.6,141.2,159.7,158.4,158.1,154.7,140.6,137.6,136,135.4,134.7,131.8
Meat,95.6,97,97.2,95.9,95.3,95.1,94.6,95.8,94.1,92.3,92.9,92.9,92.3,93.1,94.6,97.8,100.5,101.2,102.4,102.3,101,101.6,106.5,106.6,103.6,100.5,99.4,96.9,95.4,94.8,92.2,92.2,91.5,91.8,93.3,94.8,96,97.8,100.8,104.3,107.4,110.7,114.1,113.4,112.7,112,112.5,111,112.1,113.9,119.3,121.9,122.9,125.9,124.1,121.1,120.3,116.8,114.6,112.4
Dairy,106,108.8,111.3,110,111.4,112.3,110.1,108.5,108.3,102.8,100,97.8,100.9,103.8,105.6,106.1,106.6,102.9,101.1,100.3,99.6,100.8,102.5,103.5,103.8,102.9,101.5,95.8,94.4,98.3,101.8,102.1,102.3,104.5,105.4,109.2,111.2,113.1,117.5,119.1,121.1,119.9,116.7,116.2,118.1,121.5,126,129,132.6,141.5,145.8,146.7,144.2,150.2,146.5,143.4,142.7,139.3,137.4,138.2
Cereals,95.2,98.4,101.8,104,105.5,100.8,98.7,103.5,100.3,100.9,99.6,101.1,101.8,100.7,97.5,94.6,94.4,99.2,97.6,92.6,91.8,96,95.6,97.4,100.7,99.6,98,99.6,98,97.3,97.3,99.2,104.3,112.1,114.8,116.4,125,126.1,123.9,126.2,133.7,130.3,126.3,130.4,132.8,137.1,141.4,140.5,140.6,145.3,170.1,169.7,173.5,166.3,147.3,145.6,147.9,152.3,150.1,147.3
Oils,98.25,95.6,95.36,94.02,92.15,89.33,86.9,84.43,82.33,81.33,76.59,76.84,80.26,81.78,78.41,79.11,78.5,77.46,78.09,82.59,83.89,84.11,93.16,101.5,108.73,97.55,85.42,81.18,77.77,86.61,93.2,98.7,104.6,106.45,121.9,131.2,138.87,147.46,159.3,162.19,174.9,157.7,155.5,165.9,168.6,184.8,184.6,178.5,185.9,201.7,251.8,237.5,229.2,211.8,168.8,163.3,152.6,151.3,154.7,144.6
Sugar,87.2,83.9,80.9,76.8,76.4,77.4,72.5,68.6,70.4,76.5,79.9,78.3,79.3,80.3,78.7,79.3,76.7,79.9,79.4,76.2,73.5,77.8,79.2,83,87.5,91.4,73.9,63.2,67.8,74.9,76,81.1,79,84.7,87.5,87.1,94.2,100.2,96.2,100,106.8,107.7,109.6,120.5,121.2,119.1,120.2,116.4,112.7,110.5,117.9,121.5,120.4,117.3,112.8,110.5,109.7,108.6,114.4,117.2
생활물가지수,103.5,104.42,104.24,104.24,104.22,103.89,103.55,104.78,106.09,105.5,104.7,104.2,104.13,104.84,104.56,104.88,105.16,105.07,104.3,104.73,105.59,105.93,105.36,105.5,106.24,106.33,106.42,105.5,104.91,105.22,104.58,105.4,106.4,104.96,105.11,105.18,106.18,107.14,107.36,107.42,107.32,107.2,107.04,107.84,108.83,108.97,109.49,103.81,104.55,105.62,106.46,107.24,108.15,108.91,109.56,109.48,110.1,110.36,109.95,110.25
식품,106.68,108.98,108.46,108.32,108.18,107.01,107.48,110.85,113.08,110.7,109.17,108.97,109.36,109.59,108.96,109.71,109.58,109.26,108.54,109.73,111.71,112.3,110.58,110.79,111.9,111.74,112.6,112.48,112.14,112.37,112.5,114.62,117.52,117.37,114.32,113.71,115.47,117.59,117.35,117.31,116.84,116.21,116.29,118.2,119.77,119,119.73,106.13,106.77,107.98,108.54,109.32,110.97,111.31,113.09,114.13,115.03,113.9,112.39,113.1
식품 이외,101.89,102.1,102.1,102.18,102.22,102.31,101.55,101.72,102.57,102.88,102.46,101.79,101.49,102.44,102.35,102.44,102.92,102.95,102.17,102.2,102.5,102.72,102.72,102.83,103.39,103.6,103.3,101.98,101.27,101.63,100.59,100.74,100.79,98.71,100.46,100.89,101.51,101.88,102.33,102.43,102.52,102.66,102.37,102.62,103.32,103.91,104.32,102.34,103.14,104.13,105.15,105.93,106.37,107.39,107.33,106.54,106.99,108.12,108.42,108.45
전월세,105.4,105.47,105.54,105.66,105.71,105.72,105.72,105.82,105.88,105.92,105.95,105.97,106.01,106.04,106.04,106.05,106.04,106,106.04,106.04,106.06,106.14,106.2,106.24,106.32,106.4,106.5,106.58,106.74,106.8,106.88,107.01,107.09,107.22,107.37,107.51,107.63,107.78,108.01,108.17,108.32,108.4,108.53,108.71,108.94,109.18,109.52,102.68,102.79,102.92,103.01,103.1,103.21,103.26,103.36,103.49,103.61,103.71,103.84,103.92
전·월세포함 생활물가지수,103.93,104.65,104.53,104.56,104.57,104.31,104.05,105.01,106.04,105.59,104.99,104.61,104.56,105.1,104.9,105.15,105.35,105.28,104.7,105.02,105.68,105.97,105.55,105.66,106.25,106.34,106.43,105.75,105.33,105.58,105.1,105.77,106.54,105.48,105.63,105.72,106.51,107.28,107.5,107.58,107.54,107.48,107.37,108.04,108.84,109.01,109.49,103.53,104.11,104.95,105.6,106.21,106.91,107.5,108.01,107.98,108.47,108.69,108.42,108.67
,,,,,,,,,,,,,,,,,,,,,,,,,,,,,,,,,,,,,,,,,,,,,,,,,,,,,,,,,,,,
